{"coverage":{},"coverageSummary":{"lines":{"total":0,"covered":0,"skipped":0,"pct":100},"statements":{"total":0,"covered":0,"skipped":0,"pct":100},"functions":{"total":0,"covered":0,"skipped":0,"pct":100},"branches":{"total":0,"covered":0,"skipped":0,"pct":100}},"lints":[{"severity":2,"value":"app\\scripts\\main.125f0654.js::17: '_App_css__WEBPACK_IMPORTED_MODULE_1___default' is assigned a value but never used."},{"severity":2,"value":"app\\scripts\\main.125f0654.js::19: '_components_Success__WEBPACK_IMPORTED_MODULE_3__' is assigned a value but never used."},{"severity":1,"value":"app\\scripts\\main.125f0654.js::25: Function '_unsupportedIterableToArray' has a complexity of 9. Maximum allowed is 7."},{"severity":1,"value":"app\\scripts\\main.125f0654.js::29: Function '_iterableToArrayLimit' has a complexity of 12. Maximum allowed is 7."},{"severity":2,"value":"app\\scripts\\main.125f0654.js::58: 'ticket' is assigned a value but never used."},{"severity":1,"value":"app\\scripts\\main.125f0654.js::63: \"https://static.freshdev.io/fdk/2.0/assets/fresh_client.js\" is not whitelisted in mainfest."},{"severity":1,"value":"app\\scripts\\main.125f0654.js::72: Expected rejection to be handled."},{"severity":1,"value":"app\\scripts\\main.125f0654.js::73: Expected rejection to be handled."},{"severity":1,"value":"app\\scripts\\main.125f0654.js::107: Expected rejection to be handled."},{"severity":2,"value":"app\\scripts\\main.125f0654.js::111: 'data' is defined but never used."},{"severity":1,"value":"app\\scripts\\main.125f0654.js::112: Expected error to be handled."},{"severity":2,"value":"app\\scripts\\main.125f0654.js::112: 'error' is defined but never used."},{"severity":2,"value":"app\\scripts\\main.125f0654.js::157: 'axios__WEBPACK_IMPORTED_MODULE_1___default' is assigned a value but never used."},{"severity":1,"value":"app\\scripts\\main.125f0654.js::163: Function '_unsupportedIterableToArray' has a complexity of 9. Maximum allowed is 7."},{"severity":1,"value":"app\\scripts\\main.125f0654.js::167: Function '_iterableToArrayLimit' has a complexity of 12. Maximum allowed is 7."},{"severity":2,"value":"app\\scripts\\main.125f0654.js::179: 'setChild' is assigned a value but never used."},{"severity":2,"value":"app\\scripts\\main.125f0654.js::194: 'clickTick' is assigned a value but never used."},{"severity":2,"value":"app\\scripts\\main.125f0654.js::195: 'setClickTick' is assigned a value but never used."},{"severity":2,"value":"app\\scripts\\main.125f0654.js::228: 'data' is defined but never used."},{"severity":1,"value":"app\\scripts\\main.125f0654.js::229: Expected error to be handled."},{"severity":2,"value":"app\\scripts\\main.125f0654.js::229: 'error' is defined but never used."},{"severity":1,"value":"app\\scripts\\main.125f0654.js::302: Function '_unsupportedIterableToArray' has a complexity of 9. Maximum allowed is 7."},{"severity":1,"value":"app\\scripts\\main.125f0654.js::306: Function '_iterableToArrayLimit' has a complexity of 12. Maximum allowed is 7."},{"severity":2,"value":"app\\scripts\\main.125f0654.js::342: 'priority' is assigned a value but never used."},{"severity":2,"value":"app\\scripts\\main.125f0654.js::343: 'setPriority' is assigned a value but never used."},{"severity":2,"value":"app\\scripts\\main.125f0654.js::387: 'updateFreshdeskWithClickup' is assigned a value but never used."},{"severity":1,"value":"app\\scripts\\main.125f0654.js::396: \"https://onerail.freshdesk.com/api/v2/tickets/\" is not whitelisted in mainfest."},{"severity":1,"value":"app\\scripts\\main.125f0654.js::467: \"https://api.clickup.com/api/v2/list/71601233/task\" is not whitelisted in mainfest."},{"severity":2,"value":"app\\scripts\\main.125f0654.js::493: 'values' is defined but never used."},{"severity":2,"value":"app\\scripts\\main.125f0654.js::494: 'errors' is assigned a value but never used."},{"severity":2,"value":"app\\scripts\\main.125f0654.js::935: '_index_css__WEBPACK_IMPORTED_MODULE_2___default' is assigned a value but never used."},{"severity":2,"value":"app\\scripts\\main.125f0654.js::1014: 'update' is assigned a value but never used."},{"severity":2,"value":"app\\scripts\\main.125f0654.js::1042: 'update' is assigned a value but never used."},{"severity":2,"value":"app\\scripts\\main.125f0654.js::1054: '__webpack_exports__' is assigned a value but never used."},{"severity":1,"value":"app\\scripts\\runtime.ab95bbe9.js::36: Arrow function has a complexity of 13. Maximum allowed is 7."},{"severity":1,"value":"app\\scripts\\runtime.ab95bbe9.js::141: Arrow function has a complexity of 9. Maximum allowed is 7."},{"severity":2,"value":"app\\scripts\\vendors.acf3fcde.js::83: '_emotion_weak_memoize__WEBPACK_IMPORTED_MODULE_1__' is assigned a value but never used."},{"severity":2,"value":"app\\scripts\\vendors.acf3fcde.js::84: '_emotion_memoize__WEBPACK_IMPORTED_MODULE_2__' is assigned a value but never used."},{"severity":1,"value":"app\\scripts\\vendors.acf3fcde.js::117: Function 'toRules' has a complexity of 9. Maximum allowed is 7."},{"severity":1,"value":"app\\scripts\\vendors.acf3fcde.js::166: Function 'compat' has a complexity of 14. Maximum allowed is 7."},{"severity":1,"value":"app\\scripts\\vendors.acf3fcde.js::285: Function 'createCache' has a complexity of 10. Maximum allowed is 7."},{"severity":1,"value":"app\\scripts\\vendors.acf3fcde.js::377: 'currentSheet' declared and assigned in different scopes. Possible asynchronous race condition."},{"severity":1,"value":"app\\scripts\\vendors.acf3fcde.js::380: 'currentSheet' declared and assigned in different scopes. Possible asynchronous race condition."}]}